"page_url","page_path","clicks","impressions","in_legacy_inventory","legacy_candidate_count","legacy_example","priority","reason","target_url","recommended_action"
"https://dave-blake.com/blog/top-modelling-agencies-brisbane-how-to-get-signed","/blog/top-modelling-agencies-brisbane-how-to-get-signed","145","12291","1","1","/blog/top-modelling-agencies-brisbane-how-to-get-signed.html","P0","exact_path_preservation","https://www.dave-blake.com/blog/top-modelling-agencies-brisbane-how-to-get-signed","migrate_page_content"
"https://dave-blake.com/","/","138","2626","1","1","/","P0","exact_path_preservation","https://www.dave-blake.com/","migrate_page_content"
"https://dave-blake.com/photographer/brisbane-fashion-photographer","/photographer/brisbane-fashion-photographer","25","1719","1","1","/photographer/brisbane-fashion-photographer.html","P1","exact_path_preservation","https://www.dave-blake.com/photographer/brisbane-fashion-photographer","migrate_page_content"
"https://dave-blake.com/model-tests","/model-tests","19","1555","1","1","/model-tests.html","P1","exact_path_preservation","https://www.dave-blake.com/model-tests","migrate_page_content"
"https://dave-blake.com/services/model-portfolios/brisbane","/services/model-portfolios/brisbane","17","408","1","1","/services/model-portfolios/brisbane.html","P1","exact_path_preservation","https://www.dave-blake.com/services/model-portfolios/brisbane","migrate_page_content"
"https://dave-blake.com/story/tag/Lacey+Nelson","/story/tag/Lacey+Nelson","16","399","1","1","/story/tag/Lacey+Nelson.html","P1","consolidate_tag_taxonomy","https://www.dave-blake.com/story","redirect_consolidation"
"https://dave-blake.com/model-test-shoots/brisbane","/model-test-shoots/brisbane","15","800","1","1","/model-test-shoots/brisbane.html","P1","exact_path_preservation","https://www.dave-blake.com/model-test-shoots/brisbane","migrate_page_content"
"https://dave-blake.com/gosee/img/ellag","/gosee/img/ellag","12","78","0","0","","P1","not_in_inventory","https://www.dave-blake.com/gosee/img/ellag","recover_or_map_redirect"
"https://dave-blake.com/photographer/swimwear-photography-sydney","/photographer/swimwear-photography-sydney","11","137","1","1","/photographer/swimwear-photography-sydney.html","P1","exact_path_preservation","https://www.dave-blake.com/photographer/swimwear-photography-sydney","migrate_page_content"
"https://dave-blake.com/packages/model-portfolio-photographer","/packages/model-portfolio-photographer","10","1160","0","0","","P1","not_in_inventory","https://www.dave-blake.com/packages/model-portfolio-photographer","recover_or_map_redirect"
"https://dave-blake.com/services/model-portfolios/byron-bay","/services/model-portfolios/byron-bay","10","381","1","1","/services/model-portfolios/byron-bay.html","P1","exact_path_preservation","https://www.dave-blake.com/services/model-portfolios/byron-bay","migrate_page_content"
"https://dave-blake.com/gosees","/gosees","9","415","0","0","","P2","not_in_inventory","https://www.dave-blake.com/gosees","recover_or_map_redirect"
"https://dave-blake.com/byron-bay-photography-equipment-rental","/byron-bay-photography-equipment-rental","8","261","0","0","","P2","not_in_inventory","https://www.dave-blake.com/byron-bay-photography-equipment-rental","recover_or_map_redirect"
"https://dave-blake.com/story/tag/Mollye+Rogel","/story/tag/Mollye+Rogel","7","253","1","1","/story/tag/Mollye+Rogel.html","P2","consolidate_tag_taxonomy","https://www.dave-blake.com/story","redirect_consolidation"
"https://dave-blake.com/photography-workshops/course-building-your-fashion-beauty-portfolio-with-agency-models-online-byron-bay","/photography-workshops/course-building-your-fashion-beauty-portfolio-with-agency-models-online-byron-bay","6","228","0","0","","P2","not_in_inventory","https://www.dave-blake.com/photography-workshops/course-building-your-fashion-beauty-portfolio-with-agency-models-online-byron-bay","recover_or_map_redirect"
"https://dave-blake.com/portfolio/fashion","/portfolio/fashion","5","332","1","1","/portfolio/fashion.html","P2","exact_path_preservation","https://www.dave-blake.com/portfolio/fashion","migrate_page_content"
"https://dave-blake.com/story/tag/Steph+Rayner","/story/tag/Steph+Rayner","5","90","1","1","/story/tag/Steph+Rayner.html","P2","consolidate_tag_taxonomy","https://www.dave-blake.com/story","redirect_consolidation"
"https://dave-blake.com/blog","/blog","4","167","1","2","/blog.html","P2","exact_path_preservation","https://www.dave-blake.com/blog","migrate_page_content"
"https://dave-blake.com/gift-card/model-portfolio-gift-card-brisbane-byron-bay","/gift-card/model-portfolio-gift-card-brisbane-byron-bay","4","115","1","1","/gift-card/model-portfolio-gift-card-brisbane-byron-bay.html","P2","exact_path_preservation","https://www.dave-blake.com/gift-card/model-portfolio-gift-card-brisbane-byron-bay","migrate_page_content"
"https://dave-blake.com/story/2017/11/8/annie-ericson-pools-of-blue","/story/2017/11/8/annie-ericson-pools-of-blue","4","32","1","1","/story/2017/11/8/annie-ericson-pools-of-blue.html","P2","exact_path_preservation","https://www.dave-blake.com/story/2017/11/8/annie-ericson-pools-of-blue","migrate_page_content"
"https://dave-blake.com/story/tag/Chiara+Dorward","/story/tag/Chiara+Dorward","4","39","1","1","/story/tag/Chiara+Dorward.html","P2","consolidate_tag_taxonomy","https://www.dave-blake.com/story","redirect_consolidation"
"https://dave-blake.com/story/tag/Isabelle+van+der+Tuin","/story/tag/Isabelle+van+der+Tuin","4","39","1","1","/story/tag/Isabelle+van+der+Tuin.html","P2","consolidate_tag_taxonomy","https://www.dave-blake.com/story","redirect_consolidation"
"https://dave-blake.com/photographer","/photographer","3","262","1","2","/photographer.html","P2","exact_path_preservation","https://www.dave-blake.com/photographer","migrate_page_content"
"https://dave-blake.com/story/2019/alys-hale-model-writer","/story/2019/alys-hale-model-writer","3","196","1","1","/story/2019/alys-hale-model-writer.html","P2","exact_path_preservation","https://www.dave-blake.com/story/2019/alys-hale-model-writer","migrate_page_content"
"https://dave-blake.com/story/abbey-maher-viviens-balistarz-lifes-a-beach","/story/abbey-maher-viviens-balistarz-lifes-a-beach","3","73","1","1","/story/abbey-maher-viviens-balistarz-lifes-a-beach.html","P2","exact_path_preservation","https://www.dave-blake.com/story/abbey-maher-viviens-balistarz-lifes-a-beach","migrate_page_content"
"https://dave-blake.com/story/anouk-daddo-img-models-beauty","/story/anouk-daddo-img-models-beauty","3","62","1","1","/story/anouk-daddo-img-models-beauty.html","P2","exact_path_preservation","https://www.dave-blake.com/story/anouk-daddo-img-models-beauty","migrate_page_content"
"https://dave-blake.com/story/michelle-bagarra-model-beach-video-062020","/story/michelle-bagarra-model-beach-video-062020","3","78","1","1","/story/michelle-bagarra-model-beach-video-062020.html","P2","exact_path_preservation","https://www.dave-blake.com/story/michelle-bagarra-model-beach-video-062020","migrate_page_content"
"https://dave-blake.com/story/tag/Lilli+Tronc-Robinson","/story/tag/Lilli+Tronc-Robinson","3","73","1","1","/story/tag/Lilli+Tronc-Robinson.html","P2","consolidate_tag_taxonomy","https://www.dave-blake.com/story","redirect_consolidation"
"https://dave-blake.com/fashion-week-1/tag/Annabella+Barber","/fashion-week-1/tag/Annabella+Barber","2","35","0","0","","P2","not_in_inventory","https://www.dave-blake.com/fashion-week-1/tag/Annabella+Barber","recover_or_map_redirect"
"https://dave-blake.com/photographer/swimwear-photography-brisbane","/photographer/swimwear-photography-brisbane","2","23","1","1","/photographer/swimwear-photography-brisbane.html","P2","exact_path_preservation","https://www.dave-blake.com/photographer/swimwear-photography-brisbane","migrate_page_content"
"https://dave-blake.com/photography/commercial","/photography/commercial","2","76","0","0","","P2","not_in_inventory","https://www.dave-blake.com/photography/commercial","recover_or_map_redirect"
"https://dave-blake.com/services","/services","2","148","1","1","/services.html","P2","exact_path_preservation","https://www.dave-blake.com/services","migrate_page_content"
"https://dave-blake.com/story/2016/12/3/my-chat-with-millicent-lambert","/story/2016/12/3/my-chat-with-millicent-lambert","2","202","1","1","/story/2016/12/3/my-chat-with-millicent-lambert.html","P2","exact_path_preservation","https://www.dave-blake.com/story/2016/12/3/my-chat-with-millicent-lambert","migrate_page_content"
"https://dave-blake.com/story/2017/3/10/isabelle","/story/2017/3/10/isabelle","2","13","1","1","/story/2017/3/10/isabelle.html","P2","exact_path_preservation","https://www.dave-blake.com/story/2017/3/10/isabelle","migrate_page_content"
"https://dave-blake.com/story/2017/5/10/clean-living-co","/story/2017/5/10/clean-living-co","2","77","1","1","/story/2017/5/10/clean-living-co.html","P2","exact_path_preservation","https://www.dave-blake.com/story/2017/5/10/clean-living-co","migrate_page_content"
"https://dave-blake.com/story/2017/5/29/fashion-week-virgin-mbfwa-2017","/story/2017/5/29/fashion-week-virgin-mbfwa-2017","2","18","1","1","/story/2017/5/29/fashion-week-virgin-mbfwa-2017.html","P2","exact_path_preservation","https://www.dave-blake.com/story/2017/5/29/fashion-week-virgin-mbfwa-2017","migrate_page_content"
"https://dave-blake.com/story/2017/8/16/della-notte","/story/2017/8/16/della-notte","2","5","1","1","/story/2017/8/16/della-notte.html","P2","exact_path_preservation","https://www.dave-blake.com/story/2017/8/16/della-notte","migrate_page_content"
"https://dave-blake.com/story/2017/9/22/lacey-nelson","/story/2017/9/22/lacey-nelson","2","153","1","1","/story/2017/9/22/lacey-nelson.html","P2","exact_path_preservation","https://www.dave-blake.com/story/2017/9/22/lacey-nelson","migrate_page_content"
"https://dave-blake.com/story/2017/9/24/ana-kondratjeva","/story/2017/9/24/ana-kondratjeva","2","18","1","1","/story/2017/9/24/ana-kondratjeva.html","P2","exact_path_preservation","https://www.dave-blake.com/story/2017/9/24/ana-kondratjeva","migrate_page_content"
"https://dave-blake.com/story/2017/9/27/nikki-crerar-mkaz4","/story/2017/9/27/nikki-crerar-mkaz4","2","39","1","1","/story/2017/9/27/nikki-crerar-mkaz4.html","P2","exact_path_preservation","https://www.dave-blake.com/story/2017/9/27/nikki-crerar-mkaz4","migrate_page_content"
"https://dave-blake.com/story/2018/3/22/zemira-whitehead","/story/2018/3/22/zemira-whitehead","2","18","1","1","/story/2018/3/22/zemira-whitehead.html","P2","exact_path_preservation","https://www.dave-blake.com/story/2018/3/22/zemira-whitehead","migrate_page_content"
"https://dave-blake.com/story/2018/6/5/karla-bodycote","/story/2018/6/5/karla-bodycote","2","17","1","1","/story/2018/6/5/karla-bodycote.html","P2","exact_path_preservation","https://www.dave-blake.com/story/2018/6/5/karla-bodycote","migrate_page_content"
"https://dave-blake.com/story/audrey-bradford-imd-inc-mavrick-agency-chasing-waterfalls","/story/audrey-bradford-imd-inc-mavrick-agency-chasing-waterfalls","2","51","1","1","/story/audrey-bradford-imd-inc-mavrick-agency-chasing-waterfalls.html","P2","exact_path_preservation","https://www.dave-blake.com/story/audrey-bradford-imd-inc-mavrick-agency-chasing-waterfalls","migrate_page_content"
"https://dave-blake.com/story/category/Personal+Work","/story/category/Personal+Work","2","40","1","1","/story/category/Personal+Work.html","P2","consolidate_category_taxonomy","https://www.dave-blake.com/story","redirect_consolidation"
"https://dave-blake.com/story/category/Swimwear","/story/category/Swimwear","2","10","1","1","/story/category/Swimwear.html","P2","consolidate_category_taxonomy","https://www.dave-blake.com/story","redirect_consolidation"
"https://dave-blake.com/story/tag/Beth+Hurrell","/story/tag/Beth+Hurrell","2","27","1","1","/story/tag/Beth+Hurrell.html","P2","consolidate_tag_taxonomy","https://www.dave-blake.com/story","redirect_consolidation"
"https://dave-blake.com/blog/how-to-start-modelling-in-brisbane-or-byron-bay-even-with-no-experience","/blog/how-to-start-modelling-in-brisbane-or-byron-bay-even-with-no-experience","1","59","1","1","/blog/how-to-start-modelling-in-brisbane-or-byron-bay-even-with-no-experience.html","P2","exact_path_preservation","https://www.dave-blake.com/blog/how-to-start-modelling-in-brisbane-or-byron-bay-even-with-no-experience","migrate_page_content"
"https://dave-blake.com/blog/tag/art+nude+photography","/blog/tag/art+nude+photography","1","3","1","1","/blog/tag/art+nude+photography.html","P2","consolidate_tag_taxonomy","https://www.dave-blake.com/blog","redirect_consolidation"
"https://dave-blake.com/buy/gift-card/photographer-mentoring-training-workshops/per-hour","/buy/gift-card/photographer-mentoring-training-workshops/per-hour","1","39","0","0","","P2","not_in_inventory","https://www.dave-blake.com/buy/gift-card/photographer-mentoring-training-workshops/per-hour","recover_or_map_redirect"
"https://dave-blake.com/fashion-week-1/tag/Jordan+Barrett","/fashion-week-1/tag/Jordan+Barrett","1","791","0","0","","P2","not_in_inventory","https://www.dave-blake.com/fashion-week-1/tag/Jordan+Barrett","recover_or_map_redirect"
"https://dave-blake.com/gift-cards/model-portfolio-gift-card-brisbane-byron-bay","/gift-cards/model-portfolio-gift-card-brisbane-byron-bay","1","40","0","0","","P2","not_in_inventory","https://www.dave-blake.com/gift-cards/model-portfolio-gift-card-brisbane-byron-bay","recover_or_map_redirect"
"https://dave-blake.com/headshots","/headshots","1","168","0","0","","P2","not_in_inventory","https://www.dave-blake.com/headshots","recover_or_map_redirect"
"https://dave-blake.com/photographer-in/byron-bay-for-model-portfolio-may-2020","/photographer-in/byron-bay-for-model-portfolio-may-2020","1","179","0","0","","P2","not_in_inventory","https://www.dave-blake.com/photographer-in/byron-bay-for-model-portfolio-may-2020","recover_or_map_redirect"
"https://dave-blake.com/photographer-in/miami-beach-for-swim-show-swim-week-2019","/photographer-in/miami-beach-for-swim-show-swim-week-2019","1","37","0","0","","P2","not_in_inventory","https://www.dave-blake.com/photographer-in/miami-beach-for-swim-show-swim-week-2019","recover_or_map_redirect"
"https://dave-blake.com/photographer/2016/9/12/byron-bay-swimwear-photography","/photographer/2016/9/12/byron-bay-swimwear-photography","1","33","1","1","/photographer/2016/9/12/byron-bay-swimwear-photography.html","P2","exact_path_preservation","https://www.dave-blake.com/photographer/2016/9/12/byron-bay-swimwear-photography","migrate_page_content"
"https://dave-blake.com/photographer/2017/10/5/sydney-model-portfolios","/photographer/2017/10/5/sydney-model-portfolios","1","43","1","1","/photographer/2017/10/5/sydney-model-portfolios.html","P2","exact_path_preservation","https://www.dave-blake.com/photographer/2017/10/5/sydney-model-portfolios","migrate_page_content"
"https://dave-blake.com/photographer/health-fitness-lifestyle-brisbane-gold-coast-byron-bay","/photographer/health-fitness-lifestyle-brisbane-gold-coast-byron-bay","1","71","1","1","/photographer/health-fitness-lifestyle-brisbane-gold-coast-byron-bay.html","P2","exact_path_preservation","https://www.dave-blake.com/photographer/health-fitness-lifestyle-brisbane-gold-coast-byron-bay","migrate_page_content"
"https://dave-blake.com/photographer/tag/Gold+Coast+Swimwear+Photographer","/photographer/tag/Gold+Coast+Swimwear+Photographer","1","25","1","1","/photographer/tag/Gold+Coast+Swimwear+Photographer.html","P2","consolidate_tag_taxonomy","https://www.dave-blake.com/photographer","redirect_consolidation"
"https://dave-blake.com/photographer/tag/Swimwear+photography+Byron+Bay","/photographer/tag/Swimwear+photography+Byron+Bay","1","4","1","1","/photographer/tag/Swimwear+photography+Byron+Bay.html","P2","consolidate_tag_taxonomy","https://www.dave-blake.com/photographer","redirect_consolidation"
"https://dave-blake.com/photography-workshops","/photography-workshops","1","29","0","0","","P2","not_in_inventory","https://www.dave-blake.com/photography-workshops","recover_or_map_redirect"
"https://dave-blake.com/photography/fashion-week","/photography/fashion-week","1","73","0","0","","P2","not_in_inventory","https://www.dave-blake.com/photography/fashion-week","recover_or_map_redirect"
"https://dave-blake.com/photography/model-portfolios","/photography/model-portfolios","1","685","0","0","","P2","not_in_inventory","https://www.dave-blake.com/photography/model-portfolios","recover_or_map_redirect"
"https://dave-blake.com/portfolio/beauty","/portfolio/beauty","1","159","1","1","/portfolio/beauty.html","P2","exact_path_preservation","https://www.dave-blake.com/portfolio/beauty","migrate_page_content"
"https://dave-blake.com/portfolio/swimwear","/portfolio/swimwear","1","93","1","1","/portfolio/swimwear.html","P2","exact_path_preservation","https://www.dave-blake.com/portfolio/swimwear","migrate_page_content"
"https://dave-blake.com/story","/story","1","115","1","12","/story.html","P2","exact_path_preservation","https://www.dave-blake.com/story","migrate_page_content"
"https://dave-blake.com/story/2017/2/15/ruby-yaya-campaign-17","/story/2017/2/15/ruby-yaya-campaign-17","1","3","1","1","/story/2017/2/15/ruby-yaya-campaign-17.html","P2","exact_path_preservation","https://www.dave-blake.com/story/2017/2/15/ruby-yaya-campaign-17","migrate_page_content"
"https://dave-blake.com/story/2017/2/27/m1aw86n0ot90ifd63dy202bqr8j3up","/story/2017/2/27/m1aw86n0ot90ifd63dy202bqr8j3up","1","5","1","1","/story/2017/2/27/m1aw86n0ot90ifd63dy202bqr8j3up.html","P2","exact_path_preservation","https://www.dave-blake.com/story/2017/2/27/m1aw86n0ot90ifd63dy202bqr8j3up","migrate_page_content"
"https://dave-blake.com/story/2017/9/5/beth-hurrell","/story/2017/9/5/beth-hurrell","1","8","1","1","/story/2017/9/5/beth-hurrell.html","P2","exact_path_preservation","https://www.dave-blake.com/story/2017/9/5/beth-hurrell","migrate_page_content"
"https://dave-blake.com/story/2018/3/22/kate","/story/2018/3/22/kate","1","10","1","1","/story/2018/3/22/kate.html","P2","exact_path_preservation","https://www.dave-blake.com/story/2018/3/22/kate","migrate_page_content"
"https://dave-blake.com/story/2018/6/5/ehlana-raw","/story/2018/6/5/ehlana-raw","1","45","1","1","/story/2018/6/5/ehlana-raw.html","P2","exact_path_preservation","https://www.dave-blake.com/story/2018/6/5/ehlana-raw","migrate_page_content"
"https://dave-blake.com/story/2020/podcast-interview-with-chaye-hartwell","/story/2020/podcast-interview-with-chaye-hartwell","1","111","1","1","/story/2020/podcast-interview-with-chaye-hartwell.html","P2","exact_path_preservation","https://www.dave-blake.com/story/2020/podcast-interview-with-chaye-hartwell","migrate_page_content"
"https://dave-blake.com/story/aje-mothers-day-edit-2022","/story/aje-mothers-day-edit-2022","1","14","1","1","/story/aje-mothers-day-edit-2022.html","P2","exact_path_preservation","https://www.dave-blake.com/story/aje-mothers-day-edit-2022","migrate_page_content"
"https://dave-blake.com/story/category/Portrait","/story/category/Portrait","1","4","1","1","/story/category/Portrait.html","P2","consolidate_category_taxonomy","https://www.dave-blake.com/story","redirect_consolidation"
"https://dave-blake.com/story/marvell-lane-swim-laura-wells-c18","/story/marvell-lane-swim-laura-wells-c18","1","33","1","1","/story/marvell-lane-swim-laura-wells-c18.html","P2","exact_path_preservation","https://www.dave-blake.com/story/marvell-lane-swim-laura-wells-c18","migrate_page_content"
"https://dave-blake.com/story/personal/barbara-di-creddo-img-new-york","/story/personal/barbara-di-creddo-img-new-york","1","81","1","1","/story/personal/barbara-di-creddo-img-new-york.html","P2","exact_path_preservation","https://www.dave-blake.com/story/personal/barbara-di-creddo-img-new-york","migrate_page_content"
"https://dave-blake.com/story/tag/Barunga+Festival","/story/tag/Barunga+Festival","1","5","1","1","/story/tag/Barunga+Festival.html","P2","consolidate_tag_taxonomy","https://www.dave-blake.com/story","redirect_consolidation"
"https://dave-blake.com/story/tag/Julia+Durham","/story/tag/Julia+Durham","1","116","1","1","/story/tag/Julia+Durham.html","P2","consolidate_tag_taxonomy","https://www.dave-blake.com/story","redirect_consolidation"
"https://dave-blake.com/story/tag/Personal+Work","/story/tag/Personal+Work","1","21","1","1","/story/tag/Personal+Work.html","P2","consolidate_tag_taxonomy","https://www.dave-blake.com/story","redirect_consolidation"
"https://dave-blake.com/workshops/2021/07/professional-photography-course-building-your-fashion-beauty-portfolio-with-agency-models-3-months-8-students-online-or-byron-bay","/workshops/2021/07/professional-photography-course-building-your-fashion-beauty-portfolio-with-agency-models-3-months-8-students-online-or-byron-bay","1","85","0","0","","P2","not_in_inventory","https://www.dave-blake.com/workshops/2021/07/professional-photography-course-building-your-fashion-beauty-portfolio-with-agency-models-3-months-8-students-online-or-byron-bay","recover_or_map_redirect"
"https://dave-blake.com/workshops/2021/10/professional-photography-course-building-your-fashion-beauty-portfolio-with-agency-models-3-months-8-students-online-or-byron-bay","/workshops/2021/10/professional-photography-course-building-your-fashion-beauty-portfolio-with-agency-models-3-months-8-students-online-or-byron-bay","1","173","0","0","","P2","not_in_inventory","https://www.dave-blake.com/workshops/2021/10/professional-photography-course-building-your-fashion-beauty-portfolio-with-agency-models-3-months-8-students-online-or-byron-bay","recover_or_map_redirect"
"https://dave-blake.com/blog/how-to-get-signed","/blog/how-to-get-signed","0","1","0","0","","P3","not_in_inventory","https://www.dave-blake.com/blog/how-to-get-signed","recover_or_map_redirect"
"https://dave-blake.com/blog/private-portrait-sessions-in-brisbane-byron-bay-sydney","/blog/private-portrait-sessions-in-brisbane-byron-bay-sydney","0","1","1","1","/blog/private-portrait-sessions-in-brisbane-byron-bay-sydney.html","P3","exact_path_preservation","https://www.dave-blake.com/blog/private-portrait-sessions-in-brisbane-byron-bay-sydney","migrate_page_content"
"https://dave-blake.com/blog/tag/Byron+Bay","/blog/tag/Byron+Bay","0","1","1","1","/blog/tag/Byron+Bay.html","P3","consolidate_tag_taxonomy","https://www.dave-blake.com/blog","redirect_consolidation"
"https://dave-blake.com/blog/tag/brisbane+model+agencies","/blog/tag/brisbane+model+agencies","0","1","1","1","/blog/tag/brisbane+model+agencies.html","P3","consolidate_tag_taxonomy","https://www.dave-blake.com/blog","redirect_consolidation"
"https://dave-blake.com/blog/tag/model+folio+tips","/blog/tag/model+folio+tips","0","2","1","1","/blog/tag/model+folio+tips.html","P3","consolidate_tag_taxonomy","https://www.dave-blake.com/blog","redirect_consolidation"
"https://dave-blake.com/blog/what-is-an-editorial-photographer","/blog/what-is-an-editorial-photographer","0","307","1","1","/blog/what-is-an-editorial-photographer.html","P3","exact_path_preservation","https://www.dave-blake.com/blog/what-is-an-editorial-photographer","migrate_page_content"
"https://dave-blake.com/buy/gift-card/photographer-mentoring-training-workshops/8-hour-mentor-package","/buy/gift-card/photographer-mentoring-training-workshops/8-hour-mentor-package","0","91","0","0","","P3","not_in_inventory","https://www.dave-blake.com/buy/gift-card/photographer-mentoring-training-workshops/8-hour-mentor-package","recover_or_map_redirect"
"https://dave-blake.com/contact","/contact","0","82","1","1","/contact.html","P3","exact_path_preservation","https://www.dave-blake.com/contact","migrate_page_content"
"https://dave-blake.com/faces-of-fashion-week/aafw/2022","/faces-of-fashion-week/aafw/2022","0","3","0","0","","P3","not_in_inventory","https://www.dave-blake.com/faces-of-fashion-week/aafw/2022","recover_or_map_redirect"
"https://dave-blake.com/faces-of-fashion-week/nyfw/2019","/faces-of-fashion-week/nyfw/2019","0","17","0","0","","P3","not_in_inventory","https://www.dave-blake.com/faces-of-fashion-week/nyfw/2019","recover_or_map_redirect"
"https://dave-blake.com/fashion-week-1/2018/5/26/camilla-marc-resort-2019-backstage-ft-georgia-fowler-charlee-fraser","/fashion-week-1/2018/5/26/camilla-marc-resort-2019-backstage-ft-georgia-fowler-charlee-fraser","0","6","0","0","","P3","not_in_inventory","https://www.dave-blake.com/fashion-week-1/2018/5/26/camilla-marc-resort-2019-backstage-ft-georgia-fowler-charlee-fraser","recover_or_map_redirect"
"https://dave-blake.com/fashion-week-1/tag/Charlee+Fraser","/fashion-week-1/tag/Charlee+Fraser","0","5","0","0","","P3","not_in_inventory","https://www.dave-blake.com/fashion-week-1/tag/Charlee+Fraser","recover_or_map_redirect"
"https://dave-blake.com/fashion-week-1/tag/Lucy+Markovic","/fashion-week-1/tag/Lucy+Markovic","0","32","0","0","","P3","not_in_inventory","https://www.dave-blake.com/fashion-week-1/tag/Lucy+Markovic","recover_or_map_redirect"
"https://dave-blake.com/fashion-week-1/tag/Roberta+Pecoraro","/fashion-week-1/tag/Roberta+Pecoraro","0","22","0","0","","P3","not_in_inventory","https://www.dave-blake.com/fashion-week-1/tag/Roberta+Pecoraro","recover_or_map_redirect"
"https://dave-blake.com/gift-card","/gift-card","0","3","1","3","/gift-card.html","P3","exact_path_preservation","https://www.dave-blake.com/gift-card","migrate_page_content"
"https://dave-blake.com/gift-cards/headshot-gift-card-brisbane-byron-bay","/gift-cards/headshot-gift-card-brisbane-byron-bay","0","27","1","1","/gift-cards/headshot-gift-card-brisbane-byron-bay.html","P3","exact_path_preservation","https://www.dave-blake.com/gift-cards/headshot-gift-card-brisbane-byron-bay","migrate_page_content"
"https://dave-blake.com/gosee/belle-studio","/gosee/belle-studio","0","3","0","0","","P3","not_in_inventory","https://www.dave-blake.com/gosee/belle-studio","recover_or_map_redirect"
"https://dave-blake.com/hello/jewels-ii","/hello/jewels-ii","0","1","0","0","","P3","not_in_inventory","https://www.dave-blake.com/hello/jewels-ii","recover_or_map_redirect"
"https://dave-blake.com/industry","/industry","0","3","0","0","","P3","not_in_inventory","https://www.dave-blake.com/industry","recover_or_map_redirect"
"https://dave-blake.com/lostandfound/scouted","/lostandfound/scouted","0","12","0","0","","P3","not_in_inventory","https://www.dave-blake.com/lostandfound/scouted","recover_or_map_redirect"
"https://dave-blake.com/model-contact-form","/model-contact-form","0","30","1","1","/model-contact-form.html","P3","exact_path_preservation","https://www.dave-blake.com/model-contact-form","migrate_page_content"
"https://dave-blake.com/model-portfolios-1","/model-portfolios-1","0","46","0","0","","P3","not_in_inventory","https://www.dave-blake.com/model-portfolios-1","recover_or_map_redirect"
"https://dave-blake.com/now-in/sydney","/now-in/sydney","0","11","0","0","","P3","not_in_inventory","https://www.dave-blake.com/now-in/sydney","recover_or_map_redirect"
"https://dave-blake.com/photographer-in","/photographer-in","0","4","0","0","","P3","not_in_inventory","https://www.dave-blake.com/photographer-in","recover_or_map_redirect"
"https://dave-blake.com/photographer-in/byron-bay-for-model-portfolio-april-2020","/photographer-in/byron-bay-for-model-portfolio-april-2020","0","2","0","0","","P3","not_in_inventory","https://www.dave-blake.com/photographer-in/byron-bay-for-model-portfolio-april-2020","recover_or_map_redirect"
"https://dave-blake.com/photographer/2016/10/13/gold-coast-fashion-photographer","/photographer/2016/10/13/gold-coast-fashion-photographer","0","67","1","1","/photographer/2016/10/13/gold-coast-fashion-photographer.html","P3","exact_path_preservation","https://www.dave-blake.com/photographer/2016/10/13/gold-coast-fashion-photographer","migrate_page_content"
"https://dave-blake.com/photographer/2016/9/12/gold-coast-swimwear-photography","/photographer/2016/9/12/gold-coast-swimwear-photography","0","14","1","1","/photographer/2016/9/12/gold-coast-swimwear-photography.html","P3","exact_path_preservation","https://www.dave-blake.com/photographer/2016/9/12/gold-coast-swimwear-photography","migrate_page_content"
"https://dave-blake.com/photographer/2016/9/12/swimwear-photography-gold-coast","/photographer/2016/9/12/swimwear-photography-gold-coast","0","18","1","1","/photographer/2016/9/12/swimwear-photography-gold-coast.html","P3","exact_path_preservation","https://www.dave-blake.com/photographer/2016/9/12/swimwear-photography-gold-coast","migrate_page_content"
"https://dave-blake.com/photographer/2017/10/5/model-portfolios-sydney","/photographer/2017/10/5/model-portfolios-sydney","0","7","1","1","/photographer/2017/10/5/model-portfolios-sydney.html","P3","exact_path_preservation","https://www.dave-blake.com/photographer/2017/10/5/model-portfolios-sydney","migrate_page_content"
"https://dave-blake.com/photographer/category/Fitness+Lifestyle","/photographer/category/Fitness+Lifestyle","0","4","1","1","/photographer/category/Fitness+Lifestyle.html","P3","consolidate_category_taxonomy","https://www.dave-blake.com/photographer","redirect_consolidation"
"https://dave-blake.com/photographer/swimwear-in-sydney","/photographer/swimwear-in-sydney","0","12","1","1","/photographer/swimwear-in-sydney.html","P3","exact_path_preservation","https://www.dave-blake.com/photographer/swimwear-in-sydney","migrate_page_content"
"https://dave-blake.com/photographer/sydney-swimwear-photography","/photographer/sydney-swimwear-photography","0","20","1","1","/photographer/sydney-swimwear-photography.html","P3","exact_path_preservation","https://www.dave-blake.com/photographer/sydney-swimwear-photography","migrate_page_content"
"https://dave-blake.com/photographer/tag/Editorial+Photography","/photographer/tag/Editorial+Photography","0","1","1","1","/photographer/tag/Editorial+Photography.html","P3","consolidate_tag_taxonomy","https://www.dave-blake.com/photographer","redirect_consolidation"
"https://dave-blake.com/photographer/tag/Fitness+Lifestyle+Photography+Brisbane","/photographer/tag/Fitness+Lifestyle+Photography+Brisbane","0","14","1","1","/photographer/tag/Fitness+Lifestyle+Photography+Brisbane.html","P3","consolidate_tag_taxonomy","https://www.dave-blake.com/photographer","redirect_consolidation"
"https://dave-blake.com/photographer/tag/Gold+Coast+Swimwear+photography","/photographer/tag/Gold+Coast+Swimwear+photography","0","33","1","1","/photographer/tag/Gold+Coast+Swimwear+photography.html","P3","consolidate_tag_taxonomy","https://www.dave-blake.com/photographer","redirect_consolidation"
"https://dave-blake.com/photographer/tag/Swimwear+photography+Brisbane","/photographer/tag/Swimwear+photography+Brisbane","0","2","1","1","/photographer/tag/Swimwear+photography+Brisbane.html","P3","consolidate_tag_taxonomy","https://www.dave-blake.com/photographer","redirect_consolidation"
"https://dave-blake.com/photographer/tag/model+portfolio","/photographer/tag/model+portfolio","0","1","1","1","/photographer/tag/model+portfolio.html","P3","consolidate_tag_taxonomy","https://www.dave-blake.com/photographer","redirect_consolidation"
"https://dave-blake.com/portfolio/motion","/portfolio/motion","0","70","1","1","/portfolio/motion.html","P3","exact_path_preservation","https://www.dave-blake.com/portfolio/motion","migrate_page_content"
"https://dave-blake.com/private-portraits","/private-portraits","0","100","0","0","","P3","not_in_inventory","https://www.dave-blake.com/private-portraits","recover_or_map_redirect"
"https://dave-blake.com/services/fashion","/services/fashion","0","67","1","1","/services/fashion.html","P3","exact_path_preservation","https://www.dave-blake.com/services/fashion","migrate_page_content"
"https://dave-blake.com/services/swimwear","/services/swimwear","0","2","1","1","/services/swimwear.html","P3","exact_path_preservation","https://www.dave-blake.com/services/swimwear","migrate_page_content"
"https://dave-blake.com/stories","/stories","0","19","0","0","","P3","not_in_inventory","https://www.dave-blake.com/stories","recover_or_map_redirect"
"https://dave-blake.com/story/-kirsten-clemens-7up-fun","/story/-kirsten-clemens-7up-fun","0","138","1","1","/story/-kirsten-clemens-7up-fun.html","P3","exact_path_preservation","https://www.dave-blake.com/story/-kirsten-clemens-7up-fun","migrate_page_content"
"https://dave-blake.com/story/2016/10/31/interview-with-millicent-lambert","/story/2016/10/31/interview-with-millicent-lambert","0","16","1","1","/story/2016/10/31/interview-with-millicent-lambert.html","P3","exact_path_preservation","https://www.dave-blake.com/story/2016/10/31/interview-with-millicent-lambert","migrate_page_content"
"https://dave-blake.com/story/2016/12/13/my-chat-with-model-ellina-fattakhova","/story/2016/12/13/my-chat-with-model-ellina-fattakhova","0","27","1","1","/story/2016/12/13/my-chat-with-model-ellina-fattakhova.html","P3","exact_path_preservation","https://www.dave-blake.com/story/2016/12/13/my-chat-with-model-ellina-fattakhova","migrate_page_content"
"https://dave-blake.com/story/2016/12/7/bts-video-for-onebyone-campaign","/story/2016/12/7/bts-video-for-onebyone-campaign","0","3","1","1","/story/2016/12/7/bts-video-for-onebyone-campaign.html","P3","exact_path_preservation","https://www.dave-blake.com/story/2016/12/7/bts-video-for-onebyone-campaign","migrate_page_content"
"https://dave-blake.com/story/2016/6/20/-kirsten-clemens-left-hand-free-video","/story/2016/6/20/-kirsten-clemens-left-hand-free-video","0","8","1","1","/story/2016/6/20/-kirsten-clemens-left-hand-free-video.html","P3","exact_path_preservation","https://www.dave-blake.com/story/2016/6/20/-kirsten-clemens-left-hand-free-video","migrate_page_content"
"https://dave-blake.com/story/2016/6/20/sapphire-degoede-model-dale-dorning","/story/2016/6/20/sapphire-degoede-model-dale-dorning","0","6","1","1","/story/2016/6/20/sapphire-degoede-model-dale-dorning.html","P3","exact_path_preservation","https://www.dave-blake.com/story/2016/6/20/sapphire-degoede-model-dale-dorning","migrate_page_content"
"https://dave-blake.com/story/2016/9/10/something-borrowed-something-blue","/story/2016/9/10/something-borrowed-something-blue","0","1","1","1","/story/2016/9/10/something-borrowed-something-blue.html","P3","exact_path_preservation","https://www.dave-blake.com/story/2016/9/10/something-borrowed-something-blue","migrate_page_content"
"https://dave-blake.com/story/2017/12/19/swimwear-galore-17-iwillembracesummer-campaign","/story/2017/12/19/swimwear-galore-17-iwillembracesummer-campaign","0","7","1","1","/story/2017/12/19/swimwear-galore-17-iwillembracesummer-campaign.html","P3","exact_path_preservation","https://www.dave-blake.com/story/2017/12/19/swimwear-galore-17-iwillembracesummer-campaign","migrate_page_content"
"https://dave-blake.com/story/2017/2/21/susie-collins","/story/2017/2/21/susie-collins","0","285","1","1","/story/2017/2/21/susie-collins.html","P3","exact_path_preservation","https://www.dave-blake.com/story/2017/2/21/susie-collins","migrate_page_content"
"https://dave-blake.com/story/2017/2/28/gymshark-womens-robin-gallant","/story/2017/2/28/gymshark-womens-robin-gallant","0","22","1","1","/story/2017/2/28/gymshark-womens-robin-gallant.html","P3","exact_path_preservation","https://www.dave-blake.com/story/2017/2/28/gymshark-womens-robin-gallant","migrate_page_content"
"https://dave-blake.com/story/2017/3/17/miilk-swimwear","/story/2017/3/17/miilk-swimwear","0","6","1","1","/story/2017/3/17/miilk-swimwear.html","P3","exact_path_preservation","https://www.dave-blake.com/story/2017/3/17/miilk-swimwear","migrate_page_content"
"https://dave-blake.com/story/2017/7/19/adidas-ultraboost-x-campaign","/story/2017/7/19/adidas-ultraboost-x-campaign","0","5","1","1","/story/2017/7/19/adidas-ultraboost-x-campaign.html","P3","exact_path_preservation","https://www.dave-blake.com/story/2017/7/19/adidas-ultraboost-x-campaign","migrate_page_content"
"https://dave-blake.com/story/2017/9/13/mollye-rogel","/story/2017/9/13/mollye-rogel","0","14","1","1","/story/2017/9/13/mollye-rogel.html","P3","exact_path_preservation","https://www.dave-blake.com/story/2017/9/13/mollye-rogel","migrate_page_content"
"https://dave-blake.com/story/2018/2/2/ruby-yaya-18","/story/2018/2/2/ruby-yaya-18","0","11","1","1","/story/2018/2/2/ruby-yaya-18.html","P3","exact_path_preservation","https://www.dave-blake.com/story/2018/2/2/ruby-yaya-18","migrate_page_content"
"https://dave-blake.com/story/2018/4/9/girl-friday","/story/2018/4/9/girl-friday","0","5","1","1","/story/2018/4/9/girl-friday.html","P3","exact_path_preservation","https://www.dave-blake.com/story/2018/4/9/girl-friday","migrate_page_content"
"https://dave-blake.com/story/2018/5/31/lee-mathews-resort-2019-backstage-beauty-isabel-lucas","/story/2018/5/31/lee-mathews-resort-2019-backstage-beauty-isabel-lucas","0","7","1","1","/story/2018/5/31/lee-mathews-resort-2019-backstage-beauty-isabel-lucas.html","P3","exact_path_preservation","https://www.dave-blake.com/story/2018/5/31/lee-mathews-resort-2019-backstage-beauty-isabel-lucas","migrate_page_content"
"https://dave-blake.com/story/2018/5/8/a-waking-angel-kate","/story/2018/5/8/a-waking-angel-kate","0","2","1","1","/story/2018/5/8/a-waking-angel-kate.html","P3","exact_path_preservation","https://www.dave-blake.com/story/2018/5/8/a-waking-angel-kate","migrate_page_content"
"https://dave-blake.com/story/2018/6/10/zi-life-swimwear-campaign-byron-bay-jodi-lee","/story/2018/6/10/zi-life-swimwear-campaign-byron-bay-jodi-lee","0","21","1","1","/story/2018/6/10/zi-life-swimwear-campaign-byron-bay-jodi-lee.html","P3","exact_path_preservation","https://www.dave-blake.com/story/2018/6/10/zi-life-swimwear-campaign-byron-bay-jodi-lee","migrate_page_content"
"https://dave-blake.com/story/2018/6/14/bimby-and-roy-aw18-campaign","/story/2018/6/14/bimby-and-roy-aw18-campaign","0","4","1","1","/story/2018/6/14/bimby-and-roy-aw18-campaign.html","P3","exact_path_preservation","https://www.dave-blake.com/story/2018/6/14/bimby-and-roy-aw18-campaign","migrate_page_content"
"https://dave-blake.com/story/2018/6/22/thomas-puttick-resort-19","/story/2018/6/22/thomas-puttick-resort-19","0","4","1","1","/story/2018/6/22/thomas-puttick-resort-19.html","P3","exact_path_preservation","https://www.dave-blake.com/story/2018/6/22/thomas-puttick-resort-19","migrate_page_content"
"https://dave-blake.com/story/2018/8/30/summer-is-calling-elle-mcnamara","/story/2018/8/30/summer-is-calling-elle-mcnamara","0","22","1","1","/story/2018/8/30/summer-is-calling-elle-mcnamara.html","P3","exact_path_preservation","https://www.dave-blake.com/story/2018/8/30/summer-is-calling-elle-mcnamara","migrate_page_content"
"https://dave-blake.com/story/2018/8/8/kane-anderson","/story/2018/8/8/kane-anderson","0","715","1","1","/story/2018/8/8/kane-anderson.html","P3","exact_path_preservation","https://www.dave-blake.com/story/2018/8/8/kane-anderson","migrate_page_content"
"https://dave-blake.com/story/2018/charlotte-coqueline-img-sydney","/story/2018/charlotte-coqueline-img-sydney","0","15","1","1","/story/2018/charlotte-coqueline-img-sydney.html","P3","exact_path_preservation","https://www.dave-blake.com/story/2018/charlotte-coqueline-img-sydney","migrate_page_content"
"https://dave-blake.com/story/2018/nikon-water-housing-portrait-taya-brooks","/story/2018/nikon-water-housing-portrait-taya-brooks","0","13","1","1","/story/2018/nikon-water-housing-portrait-taya-brooks.html","P3","exact_path_preservation","https://www.dave-blake.com/story/2018/nikon-water-housing-portrait-taya-brooks","migrate_page_content"
"https://dave-blake.com/story/2018/ruby-yaya-fashion-villa-rustica","/story/2018/ruby-yaya-fashion-villa-rustica","0","2","1","1","/story/2018/ruby-yaya-fashion-villa-rustica.html","P3","exact_path_preservation","https://www.dave-blake.com/story/2018/ruby-yaya-fashion-villa-rustica","migrate_page_content"
"https://dave-blake.com/story/?category=Portrait","/story","0","10","1","12","/story.html","P2","exact_path_preservation","https://www.dave-blake.com/story","migrate_page_content"
"https://dave-blake.com/story/?category=Swimwear","/story","0","13","1","12","/story.html","P2","exact_path_preservation","https://www.dave-blake.com/story","migrate_page_content"
"https://dave-blake.com/story/aafw22-x-grittypretty-x-redken","/story/aafw22-x-grittypretty-x-redken","0","1","1","1","/story/aafw22-x-grittypretty-x-redken.html","P3","exact_path_preservation","https://www.dave-blake.com/story/aafw22-x-grittypretty-x-redken","migrate_page_content"
"https://dave-blake.com/story/abigail-oneill-beauty","/story/abigail-oneill-beauty","0","101","1","1","/story/abigail-oneill-beauty.html","P3","exact_path_preservation","https://www.dave-blake.com/story/abigail-oneill-beauty","migrate_page_content"
"https://dave-blake.com/story/andy-kovszun-stitchandhide21","/story/andy-kovszun-stitchandhide21","0","17","1","1","/story/andy-kovszun-stitchandhide21.html","P3","exact_path_preservation","https://www.dave-blake.com/story/andy-kovszun-stitchandhide21","migrate_page_content"
"https://dave-blake.com/story/caroline-low-img-models-beauty","/story/caroline-low-img-models-beauty","0","36","1","1","/story/caroline-low-img-models-beauty.html","P3","exact_path_preservation","https://www.dave-blake.com/story/caroline-low-img-models-beauty","migrate_page_content"
"https://dave-blake.com/story/caroline-lowe-img-models-beauty-gold-eyeshadow","/story/caroline-lowe-img-models-beauty-gold-eyeshadow","0","9","1","1","/story/caroline-lowe-img-models-beauty-gold-eyeshadow.html","P3","exact_path_preservation","https://www.dave-blake.com/story/caroline-lowe-img-models-beauty-gold-eyeshadow","migrate_page_content"
"https://dave-blake.com/story/category/Beauty","/story/category/Beauty","0","24","1","1","/story/category/Beauty.html","P3","consolidate_category_taxonomy","https://www.dave-blake.com/story","redirect_consolidation"
"https://dave-blake.com/story/category/Campaign","/story/category/Campaign","0","22","1","1","/story/category/Campaign.html","P3","consolidate_category_taxonomy","https://www.dave-blake.com/story","redirect_consolidation"
"https://dave-blake.com/story/category/Commercial","/story/category/Commercial","0","8","1","1","/story/category/Commercial.html","P3","consolidate_category_taxonomy","https://www.dave-blake.com/story","redirect_consolidation"
"https://dave-blake.com/story/category/Lifestyle","/story/category/Lifestyle","0","4","1","1","/story/category/Lifestyle.html","P3","consolidate_category_taxonomy","https://www.dave-blake.com/story","redirect_consolidation"
"https://dave-blake.com/story/charlotte-she-does-as-she-pleases","/story/charlotte-she-does-as-she-pleases","0","4","1","1","/story/charlotte-she-does-as-she-pleases.html","P3","exact_path_preservation","https://www.dave-blake.com/story/charlotte-she-does-as-she-pleases","migrate_page_content"
"https://dave-blake.com/story/commissioned/sand-and-sky","/story/commissioned/sand-and-sky","0","3","1","1","/story/commissioned/sand-and-sky.html","P3","exact_path_preservation","https://www.dave-blake.com/story/commissioned/sand-and-sky","migrate_page_content"
"https://dave-blake.com/story/commissions/tagheuer-advertorial-dont-crack-under-pressure-in-augustman-magazine","/story/commissions/tagheuer-advertorial-dont-crack-under-pressure-in-augustman-magazine","0","2","1","1","/story/commissions/tagheuer-advertorial-dont-crack-under-pressure-in-augustman-magazine.html","P3","exact_path_preservation","https://www.dave-blake.com/story/commissions/tagheuer-advertorial-dont-crack-under-pressure-in-augustman-magazine","migrate_page_content"
"https://dave-blake.com/story/enzo-and-toto-aw19-abigail-oneill-deux-belettes","/story/enzo-and-toto-aw19-abigail-oneill-deux-belettes","0","5","1","1","/story/enzo-and-toto-aw19-abigail-oneill-deux-belettes.html","P3","exact_path_preservation","https://www.dave-blake.com/story/enzo-and-toto-aw19-abigail-oneill-deux-belettes","migrate_page_content"
"https://dave-blake.com/story/facesoffashionweek/nyfw-19","/story/facesoffashionweek/nyfw-19","0","57","1","1","/story/facesoffashionweek/nyfw-19.html","P3","exact_path_preservation","https://www.dave-blake.com/story/facesoffashionweek/nyfw-19","migrate_page_content"
"https://dave-blake.com/story/fishermans-friend-beauty-editorial","/story/fishermans-friend-beauty-editorial","0","28","1","1","/story/fishermans-friend-beauty-editorial.html","P3","exact_path_preservation","https://www.dave-blake.com/story/fishermans-friend-beauty-editorial","migrate_page_content"
"https://dave-blake.com/story/isadora-vieira-beauty","/story/isadora-vieira-beauty","0","27","1","1","/story/isadora-vieira-beauty.html","P3","exact_path_preservation","https://www.dave-blake.com/story/isadora-vieira-beauty","migrate_page_content"
"https://dave-blake.com/story/jordie-shennan-model-video","/story/jordie-shennan-model-video","0","15","1","1","/story/jordie-shennan-model-video.html","P3","exact_path_preservation","https://www.dave-blake.com/story/jordie-shennan-model-video","migrate_page_content"
"https://dave-blake.com/story/kirsten-clemens-model-video-showreel","/story/kirsten-clemens-model-video-showreel","0","58","1","1","/story/kirsten-clemens-model-video-showreel.html","P3","exact_path_preservation","https://www.dave-blake.com/story/kirsten-clemens-model-video-showreel","migrate_page_content"
"https://dave-blake.com/story/personal/35mm-kodak-ektachrome-e100-cross-processed-nikon-f100-70-200-28-f4","/story/personal/35mm-kodak-ektachrome-e100-cross-processed-nikon-f100-70-200-28-f4","0","17","1","1","/story/personal/35mm-kodak-ektachrome-e100-cross-processed-nikon-f100-70-200-28-f4.html","P3","exact_path_preservation","https://www.dave-blake.com/story/personal/35mm-kodak-ektachrome-e100-cross-processed-nikon-f100-70-200-28-f4","migrate_page_content"
"https://dave-blake.com/story/personal/michelle-bagarra-quantum-jumping","/story/personal/michelle-bagarra-quantum-jumping","0","22","1","1","/story/personal/michelle-bagarra-quantum-jumping.html","P3","exact_path_preservation","https://www.dave-blake.com/story/personal/michelle-bagarra-quantum-jumping","migrate_page_content"
"https://dave-blake.com/story/personal/run-rabbit-run-beauty-loli-watson","/story/personal/run-rabbit-run-beauty-loli-watson","0","1","1","1","/story/personal/run-rabbit-run-beauty-loli-watson.html","P3","exact_path_preservation","https://www.dave-blake.com/story/personal/run-rabbit-run-beauty-loli-watson","migrate_page_content"
"https://dave-blake.com/story/postcards-from-paradise","/story/postcards-from-paradise","0","6","1","1","/story/postcards-from-paradise.html","P3","exact_path_preservation","https://www.dave-blake.com/story/postcards-from-paradise","migrate_page_content"
"https://dave-blake.com/story/tag/Campaign","/story/tag/Campaign","0","9","1","1","/story/tag/Campaign.html","P3","consolidate_tag_taxonomy","https://www.dave-blake.com/story","redirect_consolidation"
"https://dave-blake.com/story/tag/Commercial","/story/tag/Commercial","0","1","1","1","/story/tag/Commercial.html","P3","consolidate_tag_taxonomy","https://www.dave-blake.com/story","redirect_consolidation"
"https://dave-blake.com/story/tag/Egith+van+Dinther","/story/tag/Egith+van+Dinther","0","8","1","1","/story/tag/Egith+van+Dinther.html","P3","consolidate_tag_taxonomy","https://www.dave-blake.com/story","redirect_consolidation"
"https://dave-blake.com/story/tag/Fashion+Week","/story/tag/Fashion+Week","0","1","1","1","/story/tag/Fashion+Week.html","P3","consolidate_tag_taxonomy","https://www.dave-blake.com/story","redirect_consolidation"
"https://dave-blake.com/story/tag/Georgia+Jones","/story/tag/Georgia+Jones","0","16","1","1","/story/tag/Georgia+Jones.html","P3","consolidate_tag_taxonomy","https://www.dave-blake.com/story","redirect_consolidation"
"https://dave-blake.com/story/tag/Jayde+Stella","/story/tag/Jayde+Stella","0","127","1","1","/story/tag/Jayde+Stella.html","P3","consolidate_tag_taxonomy","https://www.dave-blake.com/story","redirect_consolidation"
"https://dave-blake.com/story/tag/Julia+Newbery","/story/tag/Julia+Newbery","0","63","1","1","/story/tag/Julia+Newbery.html","P3","consolidate_tag_taxonomy","https://www.dave-blake.com/story","redirect_consolidation"
"https://dave-blake.com/story/tag/Mel+Oldenberg","/story/tag/Mel+Oldenberg","0","16","1","1","/story/tag/Mel+Oldenberg.html","P3","consolidate_tag_taxonomy","https://www.dave-blake.com/story","redirect_consolidation"
"https://dave-blake.com/story/tag/Miami+Swim","/story/tag/Miami+Swim","0","1","1","1","/story/tag/Miami+Swim.html","P3","consolidate_tag_taxonomy","https://www.dave-blake.com/story","redirect_consolidation"
"https://dave-blake.com/story/tag/Model","/story/tag/Model","0","1","1","1","/story/tag/Model.html","P3","consolidate_tag_taxonomy","https://www.dave-blake.com/story","redirect_consolidation"
"https://dave-blake.com/story/tag/New+York","/story/tag/New+York","0","1","1","1","/story/tag/New+York.html","P3","consolidate_tag_taxonomy","https://www.dave-blake.com/story","redirect_consolidation"
"https://dave-blake.com/story/tag/Steph+Claire+Smith","/story/tag/Steph+Claire+Smith","0","5","1","1","/story/tag/Steph+Claire+Smith.html","P3","consolidate_tag_taxonomy","https://www.dave-blake.com/story","redirect_consolidation"
"https://dave-blake.com/story/tag/Wilhelmina+NY","/story/tag/Wilhelmina+NY","0","3","1","1","/story/tag/Wilhelmina+NY.html","P3","consolidate_tag_taxonomy","https://www.dave-blake.com/story","redirect_consolidation"
"https://dave-blake.com/story/tag/monika+clarke","/story/tag/monika+clarke","0","59","1","1","/story/tag/monika+clarke.html","P3","consolidate_tag_taxonomy","https://www.dave-blake.com/story","redirect_consolidation"
"https://dave-blake.com/story/tag/silka+kurzak","/story/tag/silka+kurzak","0","1","1","1","/story/tag/silka+kurzak.html","P3","consolidate_tag_taxonomy","https://www.dave-blake.com/story","redirect_consolidation"
"https://dave-blake.com/story/tag/viviens+models","/story/tag/viviens+models","0","53","1","1","/story/tag/viviens+models.html","P3","consolidate_tag_taxonomy","https://www.dave-blake.com/story","redirect_consolidation"
